{"enimy":{"enimy":[{"enimy":2,"spwnar":0,"incombater":true,"positiom":{"x":-7.6400146484375,"y":0.5832333564758301,"z":2.100006103515625},"lifeincombater":-1}],"Aliados":[]}}