{"enimy":{"enimy":[{"enimy":6,"spwnar":0,"incombater":true,"positiom":{"x":-3.3333740234375,"y":0.5832333564758301,"z":2.976837158203125},"lifeincombater":0}],"Aliados":[]}}