{"enimy":{"enimy":[{"enimy":5,"spwnar":0,"incombater":true,"positiom":{"x":-13.94140625,"y":0.5832333564758301,"z":8.66851806640625},"lifeincombater":-1}],"Aliados":[]}}