{"slotData":[{"sloat":0,"fase":1,"personagemCapacete":{"r":1.0,"g":0.0,"b":0.845482349395752,"a":1.0},"personagemCapa":{"r":1.0,"g":0.0,"b":0.8470588326454163,"a":1.0},"personagemLuva":{"r":1.0,"g":0.0,"b":0.8470588326454163,"a":1.0},"personagemBota":{"r":1.0,"g":0.0,"b":0.8470588326454163,"a":1.0},"Tempo":2.125805139541626},{"sloat":1,"fase":1,"personagemCapacete":{"r":1.0,"g":0.0,"b":0.845482349395752,"a":1.0},"personagemCapa":{"r":0.06123638153076172,"g":0.0,"b":1.0,"a":1.0},"personagemLuva":{"r":1.0,"g":0.0,"b":0.8470588326454163,"a":1.0},"personagemBota":{"r":0.4190254211425781,"g":0.0,"b":1.0,"a":1.0},"Tempo":4.0321044921875}]}