{"slotData":[{"sloat":0,"fase":2,"personagemCapacete":{"r":1.0,"g":0.0,"b":0.845482349395752,"a":1.0},"personagemCapa":{"r":1.0,"g":0.0,"b":0.8470588326454163,"a":1.0},"personagemLuva":{"r":1.0,"g":0.0,"b":0.8470588326454163,"a":1.0},"personagemBota":{"r":1.0,"g":0.0,"b":0.8470588326454163,"a":1.0},"Tempo":22.36075210571289}]}