{"slotData":[{"sloat":0,"fase":1,"personagemCapacete":{"r":1.0,"g":0.0,"b":0.845482349395752,"a":1.0},"personagemCapa":{"r":1.0,"g":0.0,"b":0.8470588326454163,"a":1.0},"personagemLuva":{"r":1.0,"g":0.0,"b":0.8470588326454163,"a":1.0},"personagemBota":{"r":1.0,"g":0.0,"b":0.8470588326454163,"a":1.0},"Tempo":4.452990531921387},{"sloat":1,"fase":1,"personagemCapacete":{"r":1.0,"g":0.0,"b":0.845482349395752,"a":1.0},"personagemCapa":{"r":1.0,"g":0.0,"b":0.8470588326454163,"a":1.0},"personagemLuva":{"r":1.0,"g":0.0,"b":0.8470588326454163,"a":1.0},"personagemBota":{"r":1.0,"g":0.0,"b":0.8470588326454163,"a":1.0},"Tempo":25.22906494140625},{"sloat":2,"fase":3,"personagemCapacete":{"r":1.0,"g":0.0,"b":0.845482349395752,"a":1.0},"personagemCapa":{"r":1.0,"g":0.0,"b":0.8470588326454163,"a":1.0},"personagemLuva":{"r":1.0,"g":0.0,"b":0.8470588326454163,"a":1.0},"personagemBota":{"r":1.0,"g":0.0,"b":0.8470588326454163,"a":1.0},"Tempo":5.3368401527404789}]}