{"slotData":[{"sloat":0,"fase":1,"personagemCapacete":{"r":1.0,"g":0.0,"b":0.845482349395752,"a":1.0},"personagemCapa":{"r":1.0,"g":0.0,"b":0.8470588326454163,"a":1.0},"personagemLuva":{"r":1.0,"g":0.0,"b":0.8470588326454163,"a":1.0},"personagemBota":{"r":1.0,"g":0.0,"b":0.8470588326454163,"a":1.0},"Tempo":11.765624046325684},{"sloat":1,"fase":1,"personagemCapacete":{"r":1.0,"g":0.0,"b":0.845482349395752,"a":1.0},"personagemCapa":{"r":1.0,"g":0.0,"b":0.8470588326454163,"a":1.0},"personagemLuva":{"r":1.0,"g":0.0,"b":0.8470588326454163,"a":1.0},"personagemBota":{"r":1.0,"g":0.0,"b":0.8470588326454163,"a":1.0},"Tempo":3.8877696990966799},{"sloat":2,"fase":1,"personagemCapacete":{"r":1.0,"g":0.0,"b":0.845482349395752,"a":1.0},"personagemCapa":{"r":1.0,"g":0.0,"b":0.8470588326454163,"a":1.0},"personagemLuva":{"r":1.0,"g":0.0,"b":0.8470588326454163,"a":1.0},"personagemBota":{"r":1.0,"g":0.0,"b":0.8470588326454163,"a":1.0},"Tempo":3.0192933082580568}]}