{"positiom":{"x":-0.4750189781188965,"y":0.8745744228363037,"z":-6.309582710266113},"VidaMax":80.0,"VidaMim":80.0,"ManaMax":120.0,"ManaMim":120.0,"medo":0.0,"la":0,"couro":0,"Coracao":0,"Cranio":0,"Lingua":0}