{"positiom":{"x":-0.2900686264038086,"y":0.8745744824409485,"z":-6.292861461639404},"VidaMax":80.0,"VidaMim":80.0,"ManaMax":120.0,"ManaMim":120.0,"medo":0.0,"la":0,"couro":0,"Coracao":0,"Cranio":0,"Lingua":0}