{"positiom":{"x":-6.91839599609375,"y":0.550000011920929,"z":0.30336233973503115},"VidaMax":80.0,"VidaMim":71.38849639892578,"ManaMax":120.0,"ManaMim":120.0,"medo":0.0,"la":0,"couro":0,"Coracao":0,"Cranio":0,"Lingua":0}