{"positiom":{"x":-1.8208222389221192,"y":0.8745748400688171,"z":-9.453606605529786},"VidaMax":80.0,"VidaMim":80.0,"ManaMax":120.0,"ManaMim":120.0,"medo":0.0,"la":0,"couro":0,"Coracao":0,"Cranio":0,"Lingua":0}