{"positiom":{"x":-0.4281153678894043,"y":0.8745745420455933,"z":-11.756077766418457},"VidaMax":80.0,"VidaMim":80.0,"ManaMax":120.0,"ManaMim":120.0,"medo":0.0,"la":0,"couro":0,"Coracao":0,"Cranio":0,"Lingua":0}