{"positiom":{"x":-0.28999999165534975,"y":0.9860000014305115,"z":-14.072999954223633},"VidaMax":80.0,"VidaMim":80.0,"ManaMax":120.0,"ManaMim":120.0,"medo":0.0,"la":0,"couro":0,"Coracao":0,"Cranio":0,"Lingua":0}