{"positiom":{"x":-5.831327438354492,"y":0.550000011920929,"z":1.3066996335983277},"VidaMax":80.0,"VidaMim":70.12449645996094,"ManaMax":120.0,"ManaMim":120.0,"medo":0.0,"la":0,"couro":0,"Coracao":0,"Cranio":0,"Lingua":0}