{"positiom":{"x":-0.18005897104740144,"y":0.8745746612548828,"z":-7.022663593292236},"VidaMax":80.0,"VidaMim":13.896151542663575,"ManaMax":120.0,"ManaMim":15.0,"medo":0.0,"la":0,"couro":0,"Coracao":0,"Cranio":1,"Lingua":0}