{"positiom":{"x":-5.719818115234375,"y":0.550000011920929,"z":1.630157470703125},"VidaMax":80.0,"VidaMim":71.32858276367188,"ManaMax":120.0,"ManaMim":66.0,"medo":0.0,"la":0,"couro":0,"Coracao":0,"Cranio":0,"Lingua":0}