{"positiom":{"x":-1.03570556640625,"y":0.550000011920929,"z":3.249664306640625},"VidaMax":80.0,"VidaMim":36.97849655151367,"ManaMax":120.0,"ManaMim":57.0,"medo":0.0,"la":0,"couro":0,"Coracao":0,"Cranio":0,"Lingua":0}